{"lTIY1fSisGmBl6lTZjfSow==":"money-back-guarantee.webp","MaFY0U8O00InIAUoEZ3R5w==":"tsl-main-956x838.png","8Tb7LU7PACAMFRAVcdwwVQ==":"tsl-main-1036x908.png","EYP7Xbs2zWef8kT1f7BuEw==":"logo-148x23.png","CzDmjV3lFsMuzpy3qQIaRA==":"f383cb48-26f7-4c3e-ae35-6888f2d67455.webp","QtXnjmIh3WUPO/6eNsF/8w==":"javaburn1-304x650.png","r3mufNKcBWP9telRKorXxA==":"javaburn3-305x651.png","HdG1GTZ/mlRQBFGAGTyllg==":"javaburn6-307x652.png","y+wtesbRVSgON31CowwOeg==":"javaburn6-302x652.png","3EhMylEQXGyAn2bQmNjTcA==":"buy%20now%20best.gif","EdjKT71MFz6qr3UXYL09Lg==":"buy%20now%20best.png","9iSFmTcAPdmCgYzOi91xrA==":"buy%20now%20best.png","wP46/EhwHa8j/4RrozOqxA==":"javaburn-shakes%20(1)-809x695.png","m1LhURGTenJh+IyZTEVI1Q==":"guarantee.webp","453mRNnjH6yn8wQBu2TFXg==":"amiclearx6-500px%20(1)-745x754.png","vmCjbxVVLemOQRYPc+vBWQ==":"screenshot%20capture%20-%202023-07-02%20-%2003-49-17%20(1)-476x1181.png","L4AiiPVet2gnnx3+98Sh3w==":"screenshot%20capture%20-%202023-07-02%20-%2003-51-47%20(1)-475x1182.png","RiMqvWBJCcYlQP6chuBvMw==":"screenshot%20capture%20-%202023-07-02%20-%2003-52-30-299x787.png","+xA+cXQ1gJqN/5qAlsOhAg==":"screenshot%20capture%20-%202023-07-02%20-%2003-52-30%20(1)-461x1218.png","axa0VL4ghz1tW5ajeY1MBw==":"tsl-main-956x688.png","rsmamROuYlQjup1BRcGD3A==":"tsl-main-884x636.png","PvxUewbP0TCDLvwUHUdruQ==":"guarantee.svg","o/ox+BnPntUWcuI+iY0xGw==":"screenshot%20capture%20-%202023-07-02%20-%2004-17-00%20(1)-495x1134.png","pyHzsh9Y83vYB7/tOamtrQ==":"screenshot%20capture%20-%202023-07-02%20-%2004-17-12%20(1)-494x1138.png","hWPwc6tRSZsmQ2LIACgGUQ==":"screenshot%20capture%20-%202023-07-02%20-%2004-17-29%20(1)-490x1147.png","QaE7ak3pce62axSo+Ftopg==":"neurorise%202%20(1)-745x754.png","p/HY3Hr2M/e5V4hTe4UahQ==":"screenshot%20capture%20-%202023-07-02%20-%2005-26-48-290x725.png","lTJQgnCWy4ryhOS+aDgFcg==":"screenshot%20capture%20-%202023-07-02%20-%2005-27-8-290x775.png","c92Wfjh04w2lowDYag+xrg==":"screenshot%20capture%20-%202023-07-02%20-%2005-27-19-290x725.png","OSyqfANSTvuDTbCY57R0eQ==":"screenshot%20capture%20-%202023-07-02%20-%2005-26-48%20(1)-473x1188.png","U9SUGfgXtyEwm9kXJ0KTcw==":"screenshot%20capture%20-%202023-07-02%20-%2005-27-08%20(1)-457x1228.png","LV75uszMPI1Lp8vYt/aSGQ==":"screenshot%20capture%20-%202023-07-02%20-%2005-27-19%20(1)-473x1188.png","7gXCB0CG80jjSkpHv5ucrA==":"tsl-main-min%20(1)-733x767.png","trGWxKo7fyr4RbLqHrMJyQ==":"syg6-min-novo-858x738.png","SZTNgGCYtQKwrC4vKuYnRQ==":"ribbon-min-348x293.png","S93ySSWqGtlHpJHw26R3xw==":"screenshot%20capture%20-%202023-07-02%20-%2006-43-03%20(1)-484x1160.png","4cCUGVgEit0ensihTFCGaQ==":"screenshot%20capture%20-%202023-07-02%20-%2006-43-17%20(1)-483x1162.png","Y3S+84lgsDptc9xaqMG5sg==":"screenshot%20capture%20-%202023-07-02%20-%2006-43-28%20(1)-477x1178.png","pwNgZMywce8AALiaa42o2g==":"wealth-dna-code-compilation-953x513.png","/y7r4MiWdV6pJIyF7xnxiA==":"wdc-cert-610x405.png","NsqDidIz4iJGQZuBBdX/Cg==":"millionaires-seed-money-638x825.png","OWbhpqsAuxMe6CbK26zuFg==":"17-traits-wealth-titans-638x825.png","ajBOM36FWbpx9UG6sOEpqw==":"wac-planner%20(1)-691x813.png","z+KNUzqifbN3RorAeotvXg==":"prod_3_bottle%20(1)-919x611.png","hewbouAVkfxPdBBQ0QfwcQ==":"screenshot%20capture%20-%202023-07-09%20-%2000-56-08%20(1)-668x842.png","FqNWIDc5jkCD0bEZIW7XbA==":"screenshot%20capture%20-%202023-07-09%20-%2000-56-29%20(1)-671x837.png","V7/e58RsCL25ynr+z6VH/Q==":"screenshot%20capture%20-%202023-07-09%20-%2000-56-08%20(1)-668x842.png","9R2OVlHGU/LWYNCPANZdQw==":"screenshot%20capture%20-%202023-07-09%20-%2001-12-56-644x808.png","gvGP7GF1DXe9eNB7Af9NrA==":"screenshot%20capture%20-%202023-07-09%20-%2001-13-10-644x808.png","mBImQ5kxawaJhWOVNil35Q==":"screenshot%20capture%20-%202023-07-09%20-%2001-12-56-644x808.png","rYqVCFOvXNMt99jX0gJy7g==":"screenshot%20capture%20-%202023-07-09%20-%2001-14-54-646x810.png","N14xBsBfCPceybVui7JpIA==":"1-495x1134.png","ckInHFM1hv8XFpreS3YoiA==":"6-485x1158.png","vsN/RwJbsexaaaQtlaScOQ==":"3-492x1143.png","a+C/A5ogWh5EImwlglT+Ng==":"prod-3x-500px-337x342.png","smuIjAWH6MRp7SZrcnp53Q==":"download%20(1)-522x1076.png","Ebu3VLhSxQS4MFJO8pDn7g==":"inchagrow6%20(1)-515x1090.png","F2b2zPR0hS0uUZXNjB2WBA==":"download3%20(1)-519x1082.png","USjRWKyzDML6YwggkdTRng==":"prod-3x-500px%20(1)-745x754.png","HDdBiDUEnqbGmvTOVZIUpg==":"prodx3-348x355.png","sYq0w6QSI83oddX63DxvyQ==":"prodx3%20(1)-742x757.png","rSKIcvKebLiUYj+ybG/7YQ==":"download%20(4)-469x1198.png","aKda3HQC0bHzPAAbihCt3w==":"download%20(2)%20(1)-453x1241.png","FIUpk/5eotCP0G+ldqr6RA==":"download%20(3)%20(1)-463x1212.png","CPYYDIn6nnYpdkRft0PDbQ==":"media-990x668.png","uAMqW2Kig5Lav5mBWnF6cQ==":"media%20(1)-447x934.png","ckR5d2jgZn6CsJelWxH+rw==":"media%20(2)-450x951.png","N6/Z+TL5h4YTr/Yr3X12UQ==":"media%20(3)-459x936.png","Fis1LWEIZy4U849G10OQEQ==":"6bottles-672x426.png","9BOk/oFPBWmdXR18GSMN9A==":"endopump-1-bottole-350x716.png","n87xvwyaeXdymgFTcL7kkw==":"endopump-3-bottoles-381x803.png","1XedgdR320rW4i0MrSGzdA==":"endopump-6-bottoles-383x781.png","e87rzEdxXgWkb87S9zDQkA==":"product-bottles-3-extra-431x282.png","1RkBl1cbSynEjHisZSpRwg==":"product-bottles-3-extra%20(1)-926x607.png","j15BJ1kc+/DO3RL1cmpZaA==":"package-6-np3-red-n%20(1)-513x1095.png","zGS6sHBcX8/HcNp0sJcIBg==":"package-1-np3-grey-nw%20(1)-513x1095.png","O4Fdvt6TdwiLLnQlEBNnVw==":"screenshot%20capture%20-%202023-07-21%20-%2020-53-39-400x758.png","ufF8h+WXc1V9Tpq2T5Aisw==":"screenshot%20capture%20-%202023-07-21%20-%2020-53-16%20(1)%20(1)-545x1032.png","3kUJ0bCw5V3/Af1shKfBwQ==":"6-406x760.png","jIjxCNtQh6yFSwHhCAOFVg==":"6%20(1)%20(1)-548x1026.png","jEtyLy1jyXcui/rafo3pWA==":"3%20(1)-544x1032.png","FEbmVKnTEC5V6teB1HQN1A==":"3bottleresurge%20(1)-710x791.png","uzo8D1rh8arJ1L/HLiijsg==":"1-517x1087.png","6QQULrR+lc7MA5C0PcOlUg==":"6%20(1)-518x1085.png","EXjHl1JGr095kS1VADhQEQ==":"3%20(1)-518x1085.png","Bp3F1o6ZWMluBOv2uqwT6w==":"unnamed-638x540.jpg","RocbqNqIPI2nP2mvH6eM8w==":"download%20(2)-449x820.png","lVbY/L/JiWf8Lf+5GCb8uw==":"slimcrystal%20(1)-555x1013.png","ZJ7/WUPRMfJ3CWZDpvwttg==":"slimcrystal%20(3)-557x1009.png","F7zbK3bEXSeaKkFAjkJZMA==":"three-bottles-600x340.png","+1GjhR7KlAEs72tJ/Jy35Q==":"download%20(2)-318x739.png","bqD+78FOTbCVtQcE9nzbHA==":"download%20(3)-312x738.png","W/8/f/sxUB0Ewy/LMfN4BA==":"three-bottles%20(1)-996x564.png","gbOg2FJ7sftkUTaTl0aSHg==":"download%20(2)%20(2)-492x1142.png","F/7cXbiRnuTByextILCM4Q==":"download%20(3)%20(2)-487x1153.png","aTrIY2Fz6kw5egFZshX8IQ==":"download%20(5)%20(1)-486x1156.png","5M4Mb/GCWcFNosFByMRKog==":"tsl_pub-1040x792.png","6PN+GPqroixrI903+3IEFw==":"purpleburnpro1-323x722.png","fdaeQ3MusUElT8QL2t/nbA==":"purpleburnpro(6)-327x762.png","ze/vxZiWc2n3GM6gzzmItw==":"purpleburnpro1%20(1)-500x1123.png","0Pt56avA0H8sk5gtHgnCQw==":"purpleburnpro(6)%20(1)-652x1524.png","sMGFnEy1WHArJmKXC4oSIA==":"purpleburnpro3%20(1)-504x1114.png","24+9di1mOOCjIAxTjI3lhQ==":"neuropure%20(2)-755x744.png","Qfmv1/LXGe4ra3/mSVEJ/w==":"neuropure%20(6%20(1)-460x1221.png","T4mfrBZ2HzFYp24LPMOldA==":"neuropure%20(1-293x734.png","2ZvnXWX3x/6Ov4EeMykGFg==":"neuropure%20(3%20(2)-463x1212.png","dNQCGHQqfDMBaWMEx0e4Dg==":"6-pack-560x545.png","lAO0KeMYWd/jPsjfJB2+pg==":"biodynamix%C2%AE-official-website-373x717.png","6p5vCC2AApmUSTCm6Zx/rg==":"6-pack%20(1)-760x739.png","EGRSH286RbKXzqcEPJuRlg==":"biodynamix%C2%AE-official-website%20(1)-540x1040.png","CrV2cpeatXi06iaHU/A8Dw==":"screenshot%20capture%20-%202023-07-26%20-%2009-45-02%20(1)-536x1047.png","X2T2U7n/Xo1uv5uNaMryNA==":"biodynamix%C2%AE-official-website%20(2)%20(1)-541x1039.png","iCefaoKqrLQ5zUb2hNM8Hw==":"special-teaburn-1040x705.png","UiXs93zNt4pUze3CPBVKdw==":"introducing-teaburn-1040x523.png","Fwfc8dCqE4un6l9DAc2jpQ==":"tea-burn-1-pouche-535x1222.jpg","7A8Ta2ruyMb8qrOm1ZmsVw==":"tea-burn-3-pouches-540x1226.jpg","wi3yslVgkW9VlYljluJ9vw==":"tea-burn-6-pouches-540x1225.jpg","WnE6TnoPU/YhvUaPN/+big==":"teaburn1%20(1)-503x1116.png","fVZBa3TMX2SU+dF6Zq06OQ==":"3teaburn%20(1)-501x1121.png","EoAfkmjIuBjbOfFhFLBFlA==":"teaburn6%20(1)-503x1116.png","05RwOYtJ+2rn4J4jG2w36g==":"tsl-main%20(1)-716x785.png","xpi2mTVDssrPG3AftFfeWA==":"biorestore%20(1)-494x1138.png","YntwLzuVTsTCnr51SRjfkA==":"6biorestore%20(1)-484x1160.png","rPzI7xOutMEo4DcTgV5Bmw==":"3biorestore%20(1)-495x1135.png","Qfl/1D5H1HcDUrRBAuJLjA==":"main-short-718x499.png","GhZIF8h/E5qEdMKNkD6dKA==":"0475a39e-cb6b-46a7-aa45-1d0262171dec-364x800.png","NRSoRF3/LpTC04iBFEQd6A==":"memo%20max%20pro-343x761.png","jE1s0paylSNb/FlUTE1CFA==":"memo%20max%20pro1-344x746.png","QJPeMzszfu4YvO8g84ayqA==":"memo%20max%20pro%20(1)-503x1118.png","oRykAiO0rUD++7AmPeEwUg==":"background1.jpg","n1dx+NZv3qks526xC0hZ5Q==":"background13.jpg","zJDzj1iXcMkqcxkf0r3P8w==":"addtocartbutton-701x117.png","gY9Q4CjDMaj/IV4GmvLiWg==":"clb-leaves%20(1)-801x702.png","8KMrZiHMLTy8tfb11tL1EA==":"cleanest%20body1%20(1)-498x1128.png","ckTqfEEsLB94GHCRO9jOYQ==":"cleanest%20body+6%20(1)-496x1133.png","m+yueb8OzLW+xIQ6ZAR18A==":"cleanest%20body3%20(1)-501x1121.png","4f4W8K2ctJBO9/M3VAaT7Q==":"ignite--bottles%20(1)-750x750.png","dzI/tpjbjYXRepObTTPJgQ==":"ignite1%20(1)-525x1069.png","x8zG1ws+SeZ3liEueZwiCw==":"ignite6%20(1)-520x1081.png","qCbpSjfA2zZhoddC8QtV8g==":"ignite3%20(1)-526x1068.png","4sFDWh44lXcMyNCOf0Gmow==":"dpp-3-246x244.png","irfG47gLC/8GWP3R9TuBig==":"dpp-3%20(1)-751x748.png","jGEEsaNDOe+81DeRpnVaeg==":"dermaprime%20(1)-471x1192.png","9ec3mTpHqv8i+hKHzCdnkA==":"dermaprime6%20dermaprime%20(1)-469x1196.png","5e7H/lDLOYaftML7AsyGJg==":"dermaprime3%20(1)-471x1192.png","nEStCEjfTnGVuA4coAeFaA==":"abdomax-bottle-with-mb-badge%20(1)-598x939.png","tuJb/J1hYXxm3V5QzUa0YQ==":"5-bottle-bundle-460x355.png","Kx0kPaQbuZH1Y43+Ff20vA==":"abdomax1%20(1)-533x1053.png","uWsZ0I+vUQNPDCg40x4ADw==":"abdomax%20(1)-532x1055.png","EFscdwFTZbggTt7sJGm3OA==":"abdomax-3%20(1)-533x1054.png","TrWi0F1bEVEUKCbQ/jV0XQ==":"1-bottle-2-397x600.png","E/npeCDOLN0904IMtfwn+Q==":"4-bottles%20(1)-929x605.png","aP+ts73CrbudOWzrkit2Fw==":"savannahblacksurge1%20(1)-504x1115.png","eykyfBx4cvuViYez4DaRsQ==":"savannahblacksurge4%20(1)-497x1129.png","t9CzQg0QmJjOTtQlg3BJFQ==":"savannahblacksurge2%20(1)-504x1115.png","PnypIxfDKCI5rb7+95VjZw==":"folifortx6-500px%20(1)-500x342.png","iEagWMFE5i0n5lIq8tonQA==":"folifort%201%20(1)-529x1062.png","9OlMHjNEUEwvZPVdrvgWrQ==":"folifort%206%20(1)-510x1102.png","CmACv6l8Z0E2qugLSk3fWw==":"folifort%203%20(1)-529x1062.png","PDsS+7gkTmfbWFOiywYznQ==":"metaboflex-com-welcome-h-hop-zzzzz%20(3)-493x1139.png","tgznovxlnnPOgeu9s0uSkA==":"metaboflex-com-welcome-h-hop-zzzzz%20(1)%20(1)-495x1134.png","FhjwU15pZd6hBBBEjVziBw==":"metaboflex-com-welcome-h-hop-zzzzz%20(2)%20(1)-497x1131.png","HkuAjxhrMCgfotASmgJdiQ==":"3-bottle%20(1)-793x708.png","SQY6Om9Ur9PR4QLoRxJWmg==":"gorillaflow_3%20(1)-880x639.png","X8aWurDn9lrPdyCFqj2TzA==":"screenshot%20capture%20-%202023-09-03%20-%2012-01-9-530x1059.png","/7w3l8nidSoF5+sp/wfNKw==":"gorillaflow-516x1090.png","qllJGVRateAVeYT/5kVIXA==":"screenshot%20capture%20-%202023-09-03%20-%2012-02-53-523x1073.png","RzeLSJpzJEyX3rnENoo55g==":"three-bottle-600x358.png","1PcULaV4pJf64AwPs698Ag==":"gluconite1-472x1030.png","8u5D0O2YdFlPDJLo1Yss3Q==":"gluconite6-470x1024.png","TVx5kPGp/ZVuWKrSR4spLA==":"gluconite3-475x1019.png","wBQ2qD1eUraRiLrJMDuizg==":"igenics-844x666.png","XvsP1gzgk6sXJ9X7Q/2+Hg==":"igenics1-483x1163.png","SGqK1YH8Cysh6BISH3PjIQ==":"igenics6-469x1199.png","yn5N9+0nVW8D1B3A6KrXIw==":"igenics3-487x1154.png","mYcN9w3taLyOJvZBf9X0qw==":"burn%20boost-450x450.png","QJzqtXFUgNg3uXHhcOxO3A==":"fatburnboost-528x1262.png","6gqHCwiMxNbHvk+El5EJjA==":"fatburnboost6-534x1260.png","/Z6mbElcDdp+7ozZRu8kUA==":"fatburnboost22-526x1256.png","t8OgN/aFQSlGHP7wmv8j9w==":"phytocet-768x925.png","KJfd/gN84yDi+ZtUpY35TA==":"screenshot%20capture%20-%202023-09-05%20-%2010-39-19-515x1251.png","p+0d96Bj3oN7aOdNzRZs3g==":"screenshot%20capture%20-%202023-09-05%20-%2010-39-28-651x1300.png","GVjkdDl3ncTy9/12VK1flQ==":"screenshot%20capture%20-%202023-09-05%20-%2010-39-36-510x1249.png","DqcPK6thMqQxtmHwLuHwCA==":"bubs%20natural.webp","IAHoybs7v9gRqtlVnywiFQ==":"screenshot%20capture%20-%202023-09-05%20-%2010-53-26-619x1276.png","IK5Vw1Smkqb2/b+RfIpvwQ==":"screenshot%20capture%20-%202023-09-05%20-%2010-53-36-624x1380.png","pFOIoOBi+ebm3KO/AHWT+w==":"screenshot%20capture%20-%202023-09-05%20-%2010-53-43-622x1337.png","7jGMUsY8KABPIgQ8RQnILQ==":"leanbiome-824x709.png","ndYnbZpRSG83mNNg0dfo4Q==":"leanbiome-1-bottle-588x1171.png","7brqfXOOv8ocdiDEc8plzA==":"leanbiome-6-bottles-588x1211.png","poYentFCbOdDtuxjanmwdA==":"screenshot%20capture%20-%202023-09-06%20-%2014-51-46-636x1342.png","EWHiw+zOiMwWTp6fjMj2KA==":"3-pack-560x545.png","bIzoIFGdDjXX1/+T6ZTdOg==":"screenshot%20capture%20-%202023-09-06%20-%2015-17-43-520x1156.png","MPmYnsvetU7FPQtqxzkdZw==":"screenshot%20capture%20-%202023-09-06%20-%2015-17-53-566x1315.png","svBNlfWij2Y2kVampMYqng==":"screenshot%20capture%20-%202023-09-06%20-%2015-18-4-507x1158.png","IWftFahS2mGorfHMkSsUSQ==":"screenshot%20capture%20-%202023-09-06%20-%2003-08-53-490x1090.png","nYkx7yvEKTEBqf09d+8x+g==":"screenshot%20capture%20-%202023-09-06%20-%2003-09-19-492x1142.png","21+riHSF8oMsScju3Z5Vew==":"screenshot%20capture%20-%202023-09-06%20-%2003-09-28-495x1134.png","GOtz4NzPLJReG2FVLFQFaQ==":"ksdrops-concept-v2-806x697.png","bkALj3Hs6oVHAFMuHdeSYw==":"screenshot%20capture%20-%202023-09-06%20-%2016-01-17-562x999.png","ayBDonkwTnPuKK9sPUa3mw==":"screenshot%20capture%20-%202023-09-06%20-%2016-01-40-546x1028.png","38GHlxO/2HdsmwjumtO5CQ==":"screenshot%20capture%20-%202023-09-06%20-%2016-02-50-533x1054.png","UXrOtmtqZFNI1QCpOIS3RA==":"synergex_7-2-960x540.jpg","+yo4Liv3t5V7zpuz1aKnQw==":"screenshot%202023-09-09%20at%204.58.48%20pm-582x1202.png","s1VgqPSl7PqEX4WFG2cMhA==":"screenshot%202023-09-09%20at%205.00.16%20pm-574x1202.png","7B67E9+cMtvLfGZu1/aCcA==":"screenshot%202023-09-09%20at%205.00.27%20pm-576x1196.png","iJ/hquoHORYh6k5vC5t1ug==":"protoflow3-446x328.png","xJDpPqJXHP50jlPQD7bjWw==":"protoflowbuy1-634x1274.png","/+aaEiXgPMbdEJ6lrAsrVw==":"protoflow-662x1422.png","PhGEXBoK2c+dT28+W0HVlw==":"protoflow3buy-616x1312.png","eVvqZNN4KJZsynYgM/eFyA==":"tsl-main-960x1078.png","8DwqoVc5O+7RuvCltepORg==":"screenshot%20capture%20-%202023-09-10%20-%2012-31-36-529x1154.png","mkppI6C5IHAE9GBIzEvvhQ==":"screenshot%20capture%20-%202023-09-10%20-%2012-31-55-513x1154.png","nZ2pc8HTHBNaNVduahz2Fw==":"screenshot%20capture%20-%202023-09-10%20-%2012-31-48-529x1218.png"}