{"file:///Users/dharampalkumar/Desktop/HONEY%20BURN":{"assets/images/hashes.json":"6qimrwTTBIAfYfi5YaHK9Q==","assets/images/tsl-main-960x1078.png":"eVvqZNN4KJZsynYgM/eFyA==","assets/images/screenshot-capture-2023-09-10-12-31-36-529x1154.png":"8DwqoVc5O+7RuvCltepORg==","assets/images/screenshot-capture-2023-09-10-12-31-48-529x1218.png":"nZ2pc8HTHBNaNVduahz2Fw==","assets/images/screenshot-capture-2023-09-10-12-31-55-513x1154.png":"mkppI6C5IHAE9GBIzEvvhQ==","assets/images/buy-now-best.gif":"3EhMylEQXGyAn2bQmNjTcA==","assets/images/logo-148x23.png":"EYP7Xbs2zWef8kT1f7BuEw==","assets/bootstrap/css/bootstrap.min.css":"qGiBfMEZYUPQ8GJUeqipZw==","assets/bootstrap/css/bootstrap-grid.min.css":"4bnuDDTauYpkcZNhkYKtrg==","assets/bootstrap/css/bootstrap-reboot.min.css":"/iLrQLzPIC+HbKPQfUweBg==","assets/bootstrap/js/bootstrap.bundle.min.js":"4jB/FPBUKrTUyehEkinqIg==","assets/animatecss/animate.css":"fjruI/nrd0HOAeWn5UICJQ==","assets/smoothscroll/smooth-scroll.js":"I6Cnt5FZXvE7AwxKBjLHIw==","assets/theme/css/style.css":"zwvoPTBYU/IAfgCqrVEA6Q==-VITbTf54ezV7Z7I/e4lZVw==","assets/ytplayer/index.js":"YY4yti6WCnAn+KsbktYtYw==","assets/dropdown/css/style.css":"Vb8nb3PvfIj5jIp56aQkiA==","assets/dropdown/js/navbar-dropdown.js":"eR+jFVL8KABJEAcdSC/rjQ==","assets/web/assets/mobirise-icons2/mobirise2.css":"+RO7OxVtE1FsD/N7V3/ADw==","assets/web/assets/mobirise-icons2/mobirise2.eot":"B2EjryGRojlTpzr1GHt3LQ==","assets/web/assets/mobirise-icons2/mobirise2.svg":"usCYAy7QdzckfeGReb9wWQ==","assets/web/assets/mobirise-icons2/mobirise2.ttf":"VMdAr7YYQ2ab9KiUyabAGA==","assets/web/assets/mobirise-icons2/mobirise2.woff":"xY3InaTfYGp0nlCuQBMudQ==","assets/socicon/css/styles.css":"yjHs7tV2SewoW36KZ0bi9w==","assets/socicon/fonts/socicon.eot":"MvYQV8XxgngrhGqjN3oHBw==","assets/socicon/fonts/socicon.svg":"U1iRKoyNjKeR+mUJr3QbXg==","assets/socicon/fonts/socicon.ttf":"IyAo3XNB2a/Q0ml3ZraPsQ==","assets/socicon/fonts/socicon.woff":"zQDjXd6bBUQi87pRsBWVqQ==","assets/socicon/fonts/socicon.woff2":"o3w8h99EHOwP99NXAoHpOQ=="},"mbrsite://%7B%22id%22%3A328516%7D":{"assets/images/hashes.json":"6qimrwTTBIAfYfi5YaHK9Q==","assets/images/tsl-main-960x1078.png":"eVvqZNN4KJZsynYgM/eFyA==","assets/images/screenshot-capture-2023-09-10-12-31-36-529x1154.png":"8DwqoVc5O+7RuvCltepORg==","assets/images/screenshot-capture-2023-09-10-12-31-48-529x1218.png":"nZ2pc8HTHBNaNVduahz2Fw==","assets/images/screenshot-capture-2023-09-10-12-31-55-513x1154.png":"mkppI6C5IHAE9GBIzEvvhQ==","assets/images/buy-now-best.gif":"3EhMylEQXGyAn2bQmNjTcA==","assets/images/logo-148x23.png":"EYP7Xbs2zWef8kT1f7BuEw==","assets/bootstrap/css/bootstrap.min.css":"qGiBfMEZYUPQ8GJUeqipZw==","assets/bootstrap/css/bootstrap-grid.min.css":"4bnuDDTauYpkcZNhkYKtrg==","assets/bootstrap/css/bootstrap-reboot.min.css":"/iLrQLzPIC+HbKPQfUweBg==","assets/bootstrap/js/bootstrap.bundle.min.js":"4jB/FPBUKrTUyehEkinqIg==","assets/animatecss/animate.css":"fjruI/nrd0HOAeWn5UICJQ==","assets/smoothscroll/smooth-scroll.js":"I6Cnt5FZXvE7AwxKBjLHIw==","assets/theme/css/style.css":"zwvoPTBYU/IAfgCqrVEA6Q==-VITbTf54ezV7Z7I/e4lZVw==","assets/ytplayer/index.js":"YY4yti6WCnAn+KsbktYtYw==","assets/dropdown/css/style.css":"Vb8nb3PvfIj5jIp56aQkiA==","assets/dropdown/js/navbar-dropdown.js":"eR+jFVL8KABJEAcdSC/rjQ==","assets/web/assets/mobirise-icons2/mobirise2.css":"+RO7OxVtE1FsD/N7V3/ADw==","assets/web/assets/mobirise-icons2/mobirise2.eot":"B2EjryGRojlTpzr1GHt3LQ==","assets/web/assets/mobirise-icons2/mobirise2.svg":"usCYAy7QdzckfeGReb9wWQ==","assets/web/assets/mobirise-icons2/mobirise2.ttf":"VMdAr7YYQ2ab9KiUyabAGA==","assets/web/assets/mobirise-icons2/mobirise2.woff":"xY3InaTfYGp0nlCuQBMudQ==","assets/socicon/css/styles.css":"yjHs7tV2SewoW36KZ0bi9w==","assets/socicon/fonts/socicon.eot":"MvYQV8XxgngrhGqjN3oHBw==","assets/socicon/fonts/socicon.svg":"U1iRKoyNjKeR+mUJr3QbXg==","assets/socicon/fonts/socicon.ttf":"IyAo3XNB2a/Q0ml3ZraPsQ==","assets/socicon/fonts/socicon.woff":"zQDjXd6bBUQi87pRsBWVqQ==","assets/socicon/fonts/socicon.woff2":"o3w8h99EHOwP99NXAoHpOQ=="},"file:///Users/dharampalkumar/Desktop/HONEY%20BURN%202":{"assets/images/hashes.json":"6qimrwTTBIAfYfi5YaHK9Q==","assets/images/tsl-main-960x1078.png":"eVvqZNN4KJZsynYgM/eFyA==","assets/images/screenshot-capture-2023-09-10-12-31-36-529x1154.png":"8DwqoVc5O+7RuvCltepORg==","assets/images/screenshot-capture-2023-09-10-12-31-48-529x1218.png":"nZ2pc8HTHBNaNVduahz2Fw==","assets/images/screenshot-capture-2023-09-10-12-31-55-513x1154.png":"mkppI6C5IHAE9GBIzEvvhQ==","assets/images/buy-now-best.gif":"3EhMylEQXGyAn2bQmNjTcA==","assets/images/logo-148x23.png":"EYP7Xbs2zWef8kT1f7BuEw==","assets/bootstrap/css/bootstrap.min.css":"qGiBfMEZYUPQ8GJUeqipZw==","assets/bootstrap/css/bootstrap-grid.min.css":"4bnuDDTauYpkcZNhkYKtrg==","assets/bootstrap/css/bootstrap-reboot.min.css":"/iLrQLzPIC+HbKPQfUweBg==","assets/bootstrap/js/bootstrap.bundle.min.js":"4jB/FPBUKrTUyehEkinqIg==","assets/animatecss/animate.css":"fjruI/nrd0HOAeWn5UICJQ==","assets/smoothscroll/smooth-scroll.js":"I6Cnt5FZXvE7AwxKBjLHIw==","assets/theme/css/style.css":"zwvoPTBYU/IAfgCqrVEA6Q==-VITbTf54ezV7Z7I/e4lZVw==","assets/ytplayer/index.js":"YY4yti6WCnAn+KsbktYtYw==","assets/dropdown/css/style.css":"Vb8nb3PvfIj5jIp56aQkiA==","assets/dropdown/js/navbar-dropdown.js":"eR+jFVL8KABJEAcdSC/rjQ==","assets/web/assets/mobirise-icons2/mobirise2.css":"+RO7OxVtE1FsD/N7V3/ADw==","assets/web/assets/mobirise-icons2/mobirise2.eot":"B2EjryGRojlTpzr1GHt3LQ==","assets/web/assets/mobirise-icons2/mobirise2.svg":"usCYAy7QdzckfeGReb9wWQ==","assets/web/assets/mobirise-icons2/mobirise2.ttf":"VMdAr7YYQ2ab9KiUyabAGA==","assets/web/assets/mobirise-icons2/mobirise2.woff":"xY3InaTfYGp0nlCuQBMudQ==","assets/socicon/css/styles.css":"yjHs7tV2SewoW36KZ0bi9w==","assets/socicon/fonts/socicon.eot":"MvYQV8XxgngrhGqjN3oHBw==","assets/socicon/fonts/socicon.svg":"U1iRKoyNjKeR+mUJr3QbXg==","assets/socicon/fonts/socicon.ttf":"IyAo3XNB2a/Q0ml3ZraPsQ==","assets/socicon/fonts/socicon.woff":"zQDjXd6bBUQi87pRsBWVqQ==","assets/socicon/fonts/socicon.woff2":"o3w8h99EHOwP99NXAoHpOQ=="}}